pos,A,T,C,G,mean
1,36.2565,36.0367,36.1215,36.1074,36.1296
2,36.3076,36.1172,36.13,36.0874,36.1526
3,36.3394,36.0942,36.2452,36.0474,36.1909
4,36.3027,36.1127,36.2386,36.013,36.1817
5,36.3561,36.083,36.276,36.0808,36.2102
6,36.352,36.1062,36.2864,36.0955,36.2256
7,36.3425,36.1568,36.2948,36.1018,36.2252
8,36.2685,36.1595,36.3155,36.1242,36.2182
9,36.2655,36.1779,36.3186,36.1365,36.2244
10,36.297,36.1653,36.294,36.1555,36.2317
11,36.2964,36.1351,36.276,36.0949,36.2056
12,36.2879,36.0171,36.2079,36.0376,36.1298
13,36.3562,36.1953,36.294,35.976,36.2163
14,36.3435,36.2028,36.2967,36.048,36.2298
15,36.3273,36.138,36.2722,36.0655,36.2057
16,36.2879,36.1332,36.273,36.079,36.1965
17,36.2201,36.0233,36.2459,36.0421,36.1314
18,36.3032,36.1582,36.2839,36.0,36.194
19,36.2666,36.0796,36.2281,36.0567,36.161
20,36.2966,36.1477,36.2336,35.9812,36.1743
21,36.1315,36.0506,36.202,35.9612,36.088
22,36.2197,36.0631,36.1395,35.9619,36.097
23,36.2005,36.0241,36.1491,36.0052,36.0982
24,36.1893,36.0069,36.1371,35.9594,36.0776
25,36.2036,35.9873,36.139,35.9678,36.0784
26,36.1555,35.9466,36.1058,35.9233,36.0364
27,36.1719,35.9218,36.0991,35.9212,36.0318
28,36.1139,35.9265,36.0829,35.8962,36.0079
29,36.0563,35.8577,36.0766,35.852,35.9599
30,36.0452,35.8403,36.0665,35.8059,35.9407
31,36.104,35.9555,36.0821,35.7845,35.9891
32,36.0893,35.8869,36.0487,35.7754,35.9562
33,35.9688,35.7732,35.9989,35.8048,35.8839
34,36.0587,35.7999,35.8772,35.7579,35.8835
35,36.0763,35.902,36.0669,35.7616,35.9579
36,35.9986,35.7738,35.9146,35.7635,35.867
37,36.0097,35.8977,36.066,35.7511,35.9345
38,35.9802,35.8781,36.0295,35.7195,35.9063
39,35.8813,35.6911,35.896,35.6897,35.7884
40,35.9689,35.8372,35.9631,35.598,35.8519
41,35.8545,35.7172,35.8509,35.6474,35.7711
42,35.9377,35.7364,35.8175,35.707,35.8065
43,35.9379,35.7378,35.7863,35.683,35.7959
44,36.0011,35.7514,35.8333,35.6681,35.8244
45,36.0234,35.7547,35.9032,35.6797,35.849
46,36.0262,35.7428,35.8531,35.654,35.8313
47,36.0183,35.7357,35.8513,35.6541,35.826
48,36.0221,35.7086,35.8187,35.6029,35.8017
49,36.0441,35.7546,35.8804,35.6598,35.8461
50,36.0292,35.7485,35.836,35.6112,35.8211
51,36.0309,35.7094,35.8131,35.6118,35.8052
52,36.0278,35.7007,35.7859,35.5547,35.7849
53,36.0771,35.7354,35.8326,35.5647,35.8211
54,36.0842,35.771,35.8336,35.5756,35.8358
55,36.1147,35.765,35.8243,35.5298,35.8319
56,36.085,35.723,35.799,35.48,35.7953
57,36.101,35.7516,35.805,35.4685,35.8071
58,36.1132,35.7485,35.8015,35.4301,35.8015
59,36.1476,35.7761,35.8038,35.4632,35.8264
60,36.141,35.7305,35.7327,35.3492,35.7733
61,35.9903,35.7555,35.8269,35.2063,35.7251
62,36.0253,35.7523,35.8245,35.2037,35.7347
63,35.9607,35.7664,35.8209,35.274,35.7337
64,35.9059,35.7325,35.7657,35.2893,35.6985
65,35.8893,35.6721,35.7509,35.3202,35.6798
66,35.8746,35.6892,35.8034,35.3772,35.7026
67,35.8813,35.6615,35.7536,35.4007,35.6916
68,35.8349,35.6073,35.7563,35.3984,35.6621
69,35.8264,35.6484,35.778,35.466,35.6895
70,35.761,35.533,35.683,35.3999,35.6032
71,35.6806,35.5049,35.6595,35.4058,35.5677
72,35.6952,35.4604,35.6513,35.4039,35.5564
73,35.717,35.4873,35.7027,35.4807,35.5975
74,35.6577,35.3946,35.6269,35.457,35.532
75,35.7022,35.3434,35.6076,35.4453,35.524
76,35.6818,35.35,35.6256,35.4651,35.528
77,35.6463,35.303,35.6325,35.4675,35.505
78,35.5977,35.2234,35.5817,35.4196,35.4475
79,35.5908,35.2021,35.585,35.4173,35.4393
80,35.5356,35.1119,35.5413,35.3666,35.377
81,35.5659,35.2283,35.6122,35.3964,35.4411
82,35.5933,35.2719,35.619,35.3895,35.4616
83,35.6888,35.3296,35.6163,35.3996,35.5086
84,35.5974,35.3673,35.7136,35.4192,35.517
85,35.559,35.3973,35.8366,35.4218,35.5408
86,35.5167,35.431,35.8535,35.4312,35.5432
87,35.5053,35.4518,35.8573,35.4864,35.5581
88,35.4794,35.4148,35.7788,35.4411,35.5142
89,35.4705,35.3739,35.7374,35.388,35.4805
90,35.4984,35.4609,35.7559,35.4035,35.5211
91,35.4279,35.4805,35.7568,35.3733,35.4998
92,35.4256,35.425,35.7073,35.3268,35.4631
93,35.428,35.4353,35.7207,35.3741,35.4794
94,35.4784,35.4988,35.7564,35.4171,35.5296
95,35.5202,35.5128,35.7479,35.4215,35.5449
96,35.4049,35.4535,35.739,35.3915,35.4853
97,35.4452,35.5017,35.7468,35.4259,35.52
98,35.3821,35.4658,35.6951,35.373,35.4692
99,35.2696,35.3729,35.6401,35.3002,35.3828
100,35.3642,35.404,35.6975,35.3149,35.4343
101,35.4618,35.5157,35.7714,35.4655,35.5423
102,35.393,35.3611,35.6444,35.3493,35.4261
103,35.4095,35.3835,35.5788,35.3269,35.4196
104,35.3872,35.3556,35.5672,35.3623,35.4099
105,35.4142,35.3832,35.6417,35.3883,35.4466
106,35.3073,35.3313,35.6282,35.3377,35.3869
107,35.2146,35.2557,35.5872,35.224,35.305
108,35.246,35.2932,35.5829,35.2085,35.3212
109,35.2194,35.2158,35.5106,35.1713,35.2684
110,35.2035,35.2488,35.5344,35.1853,35.2811
111,35.1807,35.3071,35.5885,35.2451,35.3149
112,35.1532,35.2636,35.5172,35.2165,35.2733
113,35.211,35.3552,35.5997,35.3031,35.3522
114,35.2132,35.3047,35.5253,35.3055,35.3236
115,35.1163,35.1658,35.3989,35.1445,35.1948
116,35.1113,35.2043,35.3876,35.1374,35.2005
117,35.0805,35.2157,35.3894,35.0899,35.1854
118,35.0468,35.2049,35.4182,35.1162,35.1838
119,35.0936,35.2347,35.4535,35.163,35.2238
120,35.0331,35.1647,35.414,35.1114,35.1665
121,35.0862,35.2024,35.4681,35.1615,35.2144
122,35.1961,35.2929,35.5217,35.2489,35.3023
123,35.1724,35.2603,35.4762,35.1856,35.2633
124,35.0609,35.1171,35.3875,35.0231,35.1371
125,35.1163,35.11,35.3809,35.0033,35.1458
126,35.0676,35.0356,35.2877,34.9269,35.0745
127,35.1458,35.1653,35.4173,35.0707,35.1918
128,35.203,35.2243,35.3988,35.1347,35.2354
129,35.1154,35.1406,35.3291,35.0281,35.1487
130,35.0568,35.1141,35.2939,34.9905,35.1085
131,34.944,35.0997,35.305,34.9408,35.0627
132,34.8484,35.0972,35.3453,34.9569,35.0451
133,34.7163,35.0593,35.3593,34.9044,34.9869
134,34.6715,35.1233,35.3991,34.9994,35.0212
135,34.6863,35.177,35.4296,35.033,35.0533
136,34.6686,35.182,35.4474,35.007,35.0483
137,34.7306,35.2451,35.3413,34.9672,35.0553
138,34.7345,35.2197,35.237,34.6806,34.9679
139,34.8064,35.2908,35.1977,34.5879,34.9823
140,34.6581,35.1012,35.0933,34.4972,34.8422
141,34.4933,35.0434,35.1085,34.6623,34.8139
142,34.428,34.9924,35.1991,34.666,34.7996
143,34.5696,35.1856,35.3187,34.8317,34.9575
144,34.5915,35.1684,35.2449,34.7694,34.932
145,34.7275,35.123,35.0175,34.6811,34.8928
146,34.7125,34.9343,34.7657,34.6544,34.7757
147,34.6748,34.9262,34.6323,34.6677,34.7381
148,34.7083,34.9639,34.6428,34.6805,34.7636
149,34.8404,35.0798,34.7964,34.7826,34.8893
150,34.7613,35.0108,34.8278,34.7219,34.8399
