pos,A,T,C,G,N,GC
1,0.219786,0.144735,0.240435,0.395044,0.0,0.635479
2,0.209893,0.418172,0.240445,0.13149,0.0,0.371935
3,0.276366,0.320839,0.245606,0.157184,5.30254e-06,0.40279
4,0.181083,0.435563,0.276113,0.10724,0.0,0.383353
5,0.388163,0.384733,0.112085,0.115019,0.0,0.227104
6,0.428889,0.188213,0.112022,0.270876,0.0,0.382898
7,0.327332,0.271457,0.170923,0.230288,0.0,0.401211
8,0.394944,0.227847,0.159884,0.217325,1.14279e-07,0.377209
9,0.156947,0.225129,0.383236,0.234686,6.17106e-07,0.617923
10,0.302558,0.382152,0.197066,0.118224,0.0,0.31529
11,0.247349,0.258202,0.1727,0.321748,0.0,0.494448
12,0.2657,0.352604,0.190738,0.190958,0.0,0.381696
13,0.236881,0.282575,0.221957,0.258586,0.0,0.480544
14,0.225686,0.302953,0.285574,0.185787,0.0,0.471361
15,0.316873,0.254336,0.221417,0.207373,0.0,0.42879
16,0.315081,0.274009,0.209871,0.201039,0.0,0.410911
17,0.307199,0.298745,0.205545,0.188511,6.85673e-07,0.394056
18,0.307246,0.302873,0.194031,0.19585,0.0,0.389881
19,0.300267,0.295771,0.199976,0.203986,0.0,0.403962
20,0.302352,0.295002,0.196323,0.206323,0.0,0.402647
21,0.298955,0.288625,0.202914,0.209506,0.0,0.41242
22,0.302355,0.30257,0.199281,0.195794,0.0,0.395075
23,0.298915,0.295637,0.202301,0.203146,0.0,0.405447
24,0.295324,0.29579,0.207595,0.20129,0.0,0.408885
25,0.296992,0.292985,0.20634,0.203683,0.0,0.410023
26,0.299102,0.291427,0.20693,0.202541,0.0,0.409471
27,0.2972,0.29833,0.206363,0.198107,0.0,0.40447
28,0.295952,0.298357,0.202195,0.203495,0.0,0.405691
29,0.298834,0.298999,0.203642,0.198522,3.63407e-06,0.402164
30,0.297546,0.298516,0.201516,0.202421,0.0,0.403937
31,0.301907,0.288629,0.201824,0.207622,1.77132e-05,0.409446
32,0.297266,0.302064,0.205598,0.195072,0.0,0.40067
33,0.298419,0.300643,0.202376,0.198562,0.0,0.400938
34,0.295622,0.301321,0.205318,0.197739,0.0,0.403057
35,0.295954,0.298672,0.204253,0.201103,1.73648e-05,0.405356
36,0.306174,0.291857,0.199157,0.202812,0.0,0.401969
37,0.297063,0.297289,0.204343,0.201306,0.0,0.405648
38,0.303912,0.295613,0.199133,0.201342,0.0,0.400474
39,0.297822,0.29879,0.202592,0.200796,0.0,0.403388
40,0.301423,0.299293,0.200821,0.198459,4.55819e-06,0.39928
41,0.299638,0.291874,0.203124,0.205363,0.0,0.408488
42,0.300791,0.302354,0.201591,0.195263,1.37515e-06,0.396854
43,0.299345,0.296087,0.202852,0.201716,0.0,0.404568
44,0.293708,0.303601,0.202904,0.199787,0.0,0.402691
45,0.299803,0.295452,0.202579,0.202165,0.0,0.404745
46,0.302988,0.294345,0.19794,0.204727,0.0,0.402667
47,0.304327,0.297045,0.198335,0.200293,0.0,0.398628
48,0.302743,0.295962,0.201119,0.200176,0.0,0.401295
49,0.296487,0.301865,0.201849,0.199799,0.0,0.401648
50,0.301717,0.294281,0.203015,0.200988,0.0,0.404002
51,0.294891,0.296777,0.203726,0.204607,0.0,0.408333
52,0.300712,0.298973,0.201586,0.19873,0.0,0.400316
53,0.295793,0.300469,0.201838,0.201901,0.0,0.403738
54,0.300927,0.296748,0.199833,0.202492,0.0,0.402325
55,0.299435,0.295495,0.202335,0.202734,0.0,0.40507
56,0.298975,0.292592,0.200978,0.207455,4.59827e-08,0.408433
57,0.297039,0.299946,0.203253,0.199762,6.43896e-07,0.403015
58,0.295486,0.302359,0.203158,0.198998,2.30016e-08,0.402156
59,0.295073,0.299296,0.20527,0.20036,0.0,0.405631
60,0.298324,0.295706,0.20263,0.203339,0.0,0.40597
61,0.301786,0.291388,0.199067,0.207759,0.0,0.406826
62,0.300771,0.297159,0.199561,0.202509,0.0,0.40207
63,0.3,0.297367,0.200101,0.202532,0.0,0.402633
64,0.297963,0.297903,0.204245,0.199883,5.06748e-06,0.404128
65,0.294215,0.301851,0.203997,0.199937,0.0,0.403934
66,0.297027,0.292653,0.207279,0.20304,0.0,0.410319
67,0.297916,0.303113,0.201998,0.196973,0.0,0.398971
68,0.301905,0.298153,0.198258,0.201685,0.0,0.399942
69,0.296561,0.297377,0.201827,0.204236,1.15315e-07,0.406063
70,0.293895,0.296027,0.202398,0.20768,0.0,0.410078
71,0.297165,0.294768,0.201956,0.20611,6.92269e-08,0.408067
72,0.297158,0.304611,0.198668,0.199563,0.0,0.398231
73,0.300273,0.296105,0.203057,0.200565,0.0,0.403622
74,0.295737,0.299677,0.203321,0.201264,1.33948e-06,0.404584
75,0.295837,0.295169,0.204996,0.203987,1.09962e-05,0.408983
76,0.300951,0.292101,0.202878,0.20407,1.8486e-07,0.406948
77,0.299927,0.299267,0.199672,0.201134,0.0,0.400806
78,0.303036,0.294603,0.197825,0.204536,0.0,0.402361
79,0.294704,0.30009,0.203355,0.201852,4.62564e-08,0.405206
80,0.295155,0.295416,0.202886,0.206542,0.0,0.409429
81,0.296381,0.295482,0.202754,0.205383,0.0,0.408137
82,0.29828,0.301353,0.201891,0.198475,0.0,0.400366
83,0.299314,0.296242,0.200806,0.203639,0.0,0.404445
84,0.296,0.300439,0.20394,0.199621,0.0,0.403561
85,0.29699,0.294826,0.204182,0.204002,0.0,0.408184
86,0.296939,0.298963,0.2007,0.203389,8.78569e-06,0.404089
87,0.302526,0.29707,0.199122,0.201282,0.0,0.400404
88,0.298444,0.298798,0.20062,0.202137,0.0,0.402758
89,0.295096,0.297984,0.204381,0.202538,0.0,0.40692
90,0.297235,0.297376,0.203158,0.202231,0.0,0.405389
91,0.297305,0.297346,0.202987,0.202362,0.0,0.405349
92,0.301689,0.297322,0.201368,0.19962,0.0,0.400989
93,0.296423,0.298045,0.204172,0.20136,0.0,0.405532
94,0.296695,0.298249,0.204229,0.200828,0.0,0.405056
95,0.293189,0.298663,0.205501,0.202647,9.30544e-08,0.408149
96,0.298804,0.297364,0.202437,0.201395,0.0,0.403832
97,0.297887,0.297253,0.203442,0.201418,0.0,0.40486
98,0.297829,0.295226,0.20367,0.203274,2.1661e-06,0.406944
99,0.295876,0.297819,0.204485,0.201821,0.0,0.406305
100,0.296173,0.296378,0.204452,0.202997,0.0,0.407449
101,0.302003,0.294795,0.201002,0.202198,2.28545e-06,0.4032
102,0.300549,0.296848,0.20087,0.201733,0.0,0.402603
103,0.301321,0.295446,0.199793,0.203439,7.46918e-07,0.403232
104,0.299589,0.296987,0.202608,0.200816,0.0,0.403424
105,0.296767,0.296958,0.20255,0.203724,0.0,0.406274
106,0.298515,0.296098,0.203669,0.201718,0.0,0.405387
107,0.295432,0.30159,0.202858,0.200119,4.67673e-08,0.402977
108,0.298185,0.296148,0.205044,0.200623,0.0,0.405667
109,0.29753,0.297789,0.202984,0.201697,0.0,0.404681
110,0.297387,0.294325,0.203072,0.205217,0.0,0.408289
111,0.300016,0.294015,0.200997,0.204972,0.0,0.405969
112,0.29832,0.298402,0.200288,0.20299,0.0,0.403277
113,0.301242,0.299427,0.199386,0.199945,0.0,0.399331
114,0.297552,0.29953,0.201655,0.201263,0.0,0.402918
115,0.295913,0.296382,0.204992,0.20271,2.44171e-06,0.407702
116,0.299545,0.29605,0.200279,0.204126,0.0,0.404405
117,0.296045,0.301048,0.201094,0.201813,0.0,0.402907
118,0.298424,0.298203,0.201481,0.201873,1.96594e-05,0.403353
119,0.295763,0.298705,0.204432,0.201099,0.0,0.405531
120,0.298549,0.294236,0.203912,0.203304,0.0,0.407216
121,0.297054,0.297453,0.201564,0.203928,0.0,0.405493
122,0.298177,0.297048,0.201914,0.202862,0.0,0.404776
123,0.29894,0.298871,0.202148,0.200041,0.0,0.402189
124,0.296897,0.298374,0.203636,0.201094,0.0,0.40473
125,0.295317,0.296437,0.204868,0.203375,3.44791e-06,0.408243
126,0.298691,0.297518,0.199953,0.203838,0.0,0.403791
127,0.301139,0.298542,0.198972,0.201347,0.0,0.400319
128,0.298585,0.301869,0.199948,0.199598,0.0,0.399546
129,0.29736,0.299685,0.201844,0.201111,5.20967e-07,0.402955
130,0.296476,0.299438,0.202348,0.201738,0.0,0.404086
131,0.298676,0.298076,0.199781,0.203467,0.0,0.403249
132,0.300751,0.298445,0.198741,0.202063,0.0,0.400804
133,0.298964,0.299656,0.201157,0.200216,5.58154e-06,0.401374
134,0.297658,0.297192,0.203064,0.202087,0.0,0.405151
135,0.29445,0.299494,0.204199,0.201857,0.0,0.406056
136,0.296909,0.297572,0.201585,0.203935,0.0,0.40552
137,0.295876,0.299331,0.202128,0.202666,0.0,0.404793
138,0.298238,0.300946,0.201619,0.199197,0.0,0.400816
139,0.294956,0.300452,0.203531,0.201061,0.0,0.404593
140,0.297733,0.29687,0.202372,0.203025,0.0,0.405397
141,0.299734,0.296497,0.200342,0.203427,0.0,0.403769
142,0.297738,0.299741,0.199977,0.202545,0.0,0.402522
143,0.300115,0.297805,0.200404,0.201675,0.0,0.40208
144,0.294968,0.29871,0.202482,0.203838,1.17505e-06,0.40632
145,0.297445,0.297389,0.202044,0.203121,0.0,0.405166
146,0.297372,0.298094,0.200636,0.203899,0.0,0.404535
147,0.297327,0.30015,0.200366,0.202157,0.0,0.402523
148,0.299612,0.297667,0.201232,0.201489,0.0,0.402721
149,0.29502,0.300478,0.202481,0.202022,0.0,0.404502
150,0.295993,0.296101,0.204182,0.203724,0.0,0.407905
151,0.297349,0.299424,0.200104,0.203123,0.0,0.403227
